id,blood_type,request_date,location,hospital_name,contact_number,status,units_requested
1,A+,20-04-2025,Delhi,AIIMS Hospital,9876543210,pending,2
2,A+,18-04-2025,Mumbai,Lilavati Hospital,9123456780,approved,3
3,O+,22-04-2025,Bangalore,Fortis Hospital,9765432109,fulfilled,5
4,AB+,19-04-2025,Hyderabad,Apollo Hospital,9887766554,pending,1
5,A-,21-04-2025,Chennai,MIOT International,9012345678,approved,1
6,B+,23-04-2025,Kolkata,AMRI Hospital,9900112233,pending,1
7,O-,17-04-2025,Pune,Ruby Hall Clinic,8899776655,fulfilled,1
8,AB-,25-04-2025,Ahemdabad,CIMS Hospital,9876512345,pending,1
9,A+,24-04-2025,Jaipur,Mahatma Gandhi Hospital,8765432101,approved,2
10,B-,26-04-2025,Lucknow,Sahara Hospital,9321654321,pending,2
11,O+,15-04-2025,Bhopal,Narmada Hospital,9234567890,pending,2
12,AB+,16-04-2025,Indore,CHL Hospital,9356721890,approved,3
13,A-,20-04-2025,Surat,Kiran Hospital,9988776655,fulfilled,2
14,B+,18-04-2025,Nagpur,Wockhardt Hospital,9765123489,pending,2
15,O+,19-04-2025,Patna,Paras HMRI Hospital,9876001234,approved,3
16,AB-,21-04-2025,Thiruvananthapuram,KIMS Hospital,9867543210,fulfilled,4
17,A+,22-04-2025,Kochi,Aster Medcity,9345621876,pending,2
18,B-,23-04-2025,Chandigarh,PGIMER,9087654321,approved,1
19,O+,24-04-2025,Noida,Jaypee Hospital,9109876543,pending,4
20,AB+,25-04-2025,Kanpur,Regency Hospital,9201543278,pending,2
21,A+,26-04-2025,Gurgaon,Medanta Hospital,9812345678,fulfilled,5
22,B+,14-04-2025,Faridabad,Metro Heart Institute,9907654321,approved,1
23,O-,15-04-2025,Ghaziabad,Yashoda Hospital,9665544332,pending,2
24,AB-,16-04-2025,Vadodara,Sunshine Global Hospital,9876543210,fulfilled,3
25,A+,17-04-2025,Rajkot,Wockhardt Hospital,9823456781,pending,4
26,B-,18-04-2025,Amritsar,Amandeep Hospital,9012345678,approved,2
27,O+,19-04-2025,Varanasi,Heritage Hospital,8887654321,pending,3
28,AB+,20-04-2025,Visakhapatnam,SevenHills Hospital,7776543210,approved,5
29,A-,21-04-2025,Madurai,Velammal Medical College,9665432109,pending,1
30,B+,22-04-2025,Coimbatore,Ganga Hospital,9554321098,fulfilled,2
31,O-,23-04-2025,Mysore,Apollo BGS Hospital,9443210987,pending,2
32,AB-,24-04-2025,Jodhpur,Medipulse Hospital,9332109876,approved,1
33,A+,25-04-2025,Raipur,Ramkrishna Care Hospital,9221098765,pending,2
34,B-,26-04-2025,Ranchi,Medanta Hospital,9110987654,approved,3
35,O+,15-04-2025,Agra,Sarojini Naidu Medical College,9009876543,pending,2
36,AB+,16-04-2025,Meerut,Anand Hospital,8998765432,fulfilled,1
37,A-,17-04-2025,Jabalpur,City Hospital,8887654320,pending,1
38,B+,18-04-2025,Dehradun,Max Super Specialty Hospital,8876543219,approved,2
39,O-,19-04-2025,Allahabad,Nazareth Hospital,8865432198,pending,3
40,AB-,20-04-2025,Shillong,Nazareth Hospital,8854321987,fulfilled,1
41,A+,21-04-2025,Imphal,RIMS Hospital,8843219876,pending,4
42,B-,22-04-2025,Itanagar,TRIHMS Hospital,8832198765,approved,2
43,O+,23-04-2025,Gangtok,STNM Hospital,8821987654,pending,5
44,AB+,24-04-2025,Aizawl,Civil Hospital,8819876543,fulfilled,2
45,A-,25-04-2025,Puducherry,JIPMER Hospital,8809876543,pending,1
46,B+,26-04-2025,Panaji,Goa Medical College,8798765432,approved,4
47,O-,15-04-2025,Daman,Government Hospital,8787654321,pending,1
48,AB-,16-04-2025,Siliguri,Neotia Hospital,8776543210,pending,2
49,A+,17-04-2025,Guwahati,Gauhati Medical College,8765432109,approved,5
50,B-,18-04-2025,Bhubaneswar,SUM Hospital,8754321098,fulfilled,3
51,O+,19-04-2025,Cuttack,SCB Medical College,8743210987,pending,2
52,AB+,20-04-2025,Aurangabad,MGM Hospital,8732109876,approved,4
53,A-,21-04-2025,Solapur,Ashwini Sahakari Rugnalaya,8721098765,pending,3
54,B+,22-04-2025,Nashik,Wockhardt Hospital,8710987654,fulfilled,1
55,O-,23-04-2025,Navi Mumbai,DY Patil Hospital,8709876543,pending,2
56,AB-,24-04-2025,Thane,Jupiter Hospital,8698765432,approved,2
57,A+,25-04-2025,Vijayawada,Ramesh Hospitals,8687654321,pending,1
58,B-,26-04-2025,Guntur,NRI General Hospital,8676543210,fulfilled,3
59,O+,15-04-2025,Warangal,MGM Hospital,8665432109,approved,2
60,AB+,16-04-2025,Tirupati,SVIMS Hospital,8654321098,pending,3
61,A-,17-04-2025,Nellore,Apollo Speciality Hospital,8643210987,pending,1
62,B+,18-04-2025,Kakinada,Apollo Hospital,8632109876,fulfilled,3
63,O+,19-04-2025,Karimnagar,Prathima Institute of Medical Sciences,8621098765,pending,2
64,AB-,20-04-2025,Srikakulam,RIMS,8610987654,approved,4
65,A+,21-04-2025,Anantapur,Government General Hospital,8609876543,pending,1
66,B-,22-04-2025,Vizianagaram,Maharaja Institute of Medical Sciences,8598765432,fulfilled,2
67,O+,23-04-2025,Ongole,RIMS Ongole,8587654321,pending,2
68,AB+,24-04-2025,Machilipatnam,Government Hospital,8576543210,approved,3
69,A-,25-04-2025,Eluru,Government General Hospital,8565432109,pending,1
70,B+,26-04-2025,Rajahmundry,Government General Hospital,8554321098,fulfilled,5
71,AB+,15-04-2025,Nandyal,Government Hospital,8543210987,pending,4
72,AB-,16-04-2025,Proddatur,Government General Hospital,8532109876,approved,2
73,A+,17-04-2025,Chittoor,PES Institute of Medical Sciences,8521098765,pending,1
74,B-,18-04-2025,Hindupur,Government Hospital,8510987654,fulfilled,3
75,O+,19-04-2025,Tadepalligudem,Government Hospital,8509876543,pending,4
76,O+,19-04-2025,Karimnagar,Prathima Institute of Medical Sciences,8621098765,pending,2
77,AB-,20-04-2025,Srikakulam,RIMS,8610987654,approved,1
78,A+,21-04-2025,Anantapur,Government General Hospital,8609876543,pending,3
79,B+,22-04-2025,Vizianagaram,Maharaja Institute of Medical Sciences,8598765432,fulfilled,2
80,O+,23-04-2025,Ongole,RIMS Ongole,8587654321,pending,4
81,AB+,24-04-2025,Machilipatnam,Government Hospital,8576543210,approved,5
82,A+,25-04-2025,Eluru,Government General Hospital,8565432109,pending,3
83,B+,26-04-2025,Rajahmundry,Government General Hospital,8554321098,fulfilled,1
84,O-,15-04-2025,Nandyal,Government Hospital,8543210987,pending,4
85,AB-,16-04-2025,Proddatur,Government General Hospital,8532109876,approved,2
86,A+,17-04-2025,Chittoor,PES Institute of Medical Sciences,8521098765,pending,3
87,B-,18-04-2025,Hindupur,Government Hospital,8510987654,fulfilled,4
88,O+,19-04-2025,Tadepalligudem,Government Hospital,8509876543,pending,2
89,AB+,20-04-2025,Aurangabad,MGM Hospital,8732109876,approved,3
90,A-,21-04-2025,Solapur,Ashwini Sahakari Rugnalaya,8721098765,pending,1
91,B+,22-04-2025,Nashik,Wockhardt Hospital,8710987654,fulfilled,2
92,O+,23-04-2025,Navi Mumbai,DY Patil Hospital,8709876543,pending,2
93,AB-,24-04-2025,Thane,Jupiter Hospital,8698765432,approved,3
94,A+,25-04-2025,Vijayawada,Ramesh Hospitals,8687654321,pending,2
95,O+,26-04-2025,Guntur,NRI General Hospital,8676543210,fulfilled,5
96,O+,15-04-2025,Warangal,MGM Hospital,8665432109,approved,1
97,AB+,16-04-2025,Tirupati,SVIMS Hospital,8654321098,pending,2
98,A-,17-04-2025,Nellore,Apollo Speciality Hospital,8643210987,pending,3
99,B+,18-04-2025,Kakinada,Apollo Hospital,8632109876,fulfilled,4
100,O+,19-04-2025,Karimnagar,Prathima Institute of Medical Sciences,8621098765,pending,2
